"lod.chr","lod.pos","lod.ci.low","lod.ci.high","lod.lod","chr","pos","lod"
"4",12.68843697,12.1060467,13.86541233,37.6487347703369,4,4272201,37.6487347703369
"21",21.24120537,19.39719771,33.37048935,8.15013658630733,21,7151921,8.15013658630733
"5",37.06158456,26.68453524,44.13903516,7.23336396082311,5,12478648,7.23336396082311
"10",17.65068327,6.71865381,52.18798167,4.65374167238394,10,5942991,4.65374167238394
"26",19.49508,7.39124001,23.88948309,3.96512892472492,26,6564000,3.96512892472492
"7",13.33446543,4.18124619,25.21830267,3.46824877009897,7,4489719,3.46824877009897
"25",7.77409974,4.20501807,24.60883194,3.15871390058908,25,2617542,3.15871390058908
"9",9.50326938,0.07585677,32.32056762,3.09460473963713,9,3199754,3.09460473963713
